{
    "accuracy": 0.752404718693285,
    "roc_auc": 0.7154608057720928,
    "classification_report": {
        "On-Time (0)": {
            "precision": 0.9505160898603522,
            "recall": 0.77129625067744,
            "f1-score": 0.8515788614790437,
            "support": 20297.0
        },
        "Late (1)": {
            "precision": 0.16660682226211848,
            "recall": 0.5324153757888698,
            "f1-score": 0.25379461233419937,
            "support": 1743.0
        },
        "accuracy": 0.752404718693285,
        "macro avg": {
            "precision": 0.5585614560612353,
            "recall": 0.6518558132331549,
            "f1-score": 0.5526867369066215,
            "support": 22040.0
        },
        "weighted avg": {
            "precision": 0.8885218133892215,
            "recall": 0.752404718693285,
            "f1-score": 0.8043040000335144,
            "support": 22040.0
        }
    },
    "confusion_matrix": [
        [
            15655,
            4642
        ],
        [
            815,
            928
        ]
    ]
}